Category,Subcategory
Είδη Αρτοζαχαροπλαστείου,Ψωμί & Αρτοσκευάσματα
Είδη Αρτοζαχαροπλαστείου,Ψωμί τυποποιημένο
Είδη Αρτοζαχαροπλαστείου,Πίτες & Τορτίγιες
Είδη Αρτοζαχαροπλαστείου,Κριτσίνια Παξιμάδια & Φρυγανιές
Είδη Αρτοζαχαροπλαστείου,Κουλούρια & Βουτήματα
Είδη Αρτοζαχαροπλαστείου,Κέικ Τσουρέκια & Κρουασάν
Είδη Αρτοζαχαροπλαστείου,Γλυκά
Φρέσκα Φρούτα & Λαχανικά,Φρούτα
Φρέσκα Φρούτα & Λαχανικά,Λαχανικά
Φρέσκα Φρούτα & Λαχανικά,Προκομμένες Σαλάτες
Φρέσκο Ψάρι & Θαλασσινά,Ψάρια Ιχθυοκαλλιέργειας
Φρέσκο Ψάρι & Θαλασσινά,Χταπόδια Καλαμάρια & Σουπιές
Φρέσκο Ψάρι & Θαλασσινά,Οστρακοειδή
Φρέσκο Κρέας,Φρέσκο Μοσχάρι
Φρέσκο Κρέας,Φρέσκο Χοιρινό
Φρέσκο Κρέας,Φρέσκα Πουλερικά
Φρέσκο Κρέας,Φρέσκα Αρνιά & Κατσίκια
Φρέσκο Κρέας,Φρέσκα Παρασκευάσματα Κρεάτων & Πουλερικών
Γάλατα Ροφήματα & Χυμοί ψυγείου,Γάλατα ψυγείου
Γάλατα Ροφήματα & Χυμοί ψυγείου,Γάλατα Σοκολατούχα ψυγείου
Γάλατα Ροφήματα & Χυμοί ψυγείου,Φυτικά & Άλλα ροφήματα Ψυγείου
Γάλατα Ροφήματα & Χυμοί ψυγείου,Χυμοί & Τσάι ψυγείου
Γιαούρτια Κρέμες γάλακτος & Επιδόρπια ψυγείου,Γιαούρτια
Γιαούρτια Κρέμες γάλακτος & Επιδόρπια ψυγείου,Γιαούρτια Βρεφικά & Παιδικά
Γιαούρτια Κρέμες γάλακτος & Επιδόρπια ψυγείου,Επιδόρπια γιαουρτιού
Γιαούρτια Κρέμες γάλακτος & Επιδόρπια ψυγείου,Φυτικά επιδόρπια
Γιαούρτια Κρέμες γάλακτος & Επιδόρπια ψυγείου,Ρυζόγαλα & Γλυκίσματα ψυγείου
Γιαούρτια Κρέμες γάλακτος & Επιδόρπια ψυγείου,Κρέμες γάλακτος & Σαντιγί
Τυροκομικά & Φυτικά Αναπληρώματα,Φέτα & Λευκά τυριά
Τυροκομικά & Φυτικά Αναπληρώματα,Μαλακά τυριά
Τυροκομικά & Φυτικά Αναπληρώματα,Ημίσκληρα τυριά
Τυροκομικά & Φυτικά Αναπληρώματα,Σκληρά τυριά
Τυροκομικά & Φυτικά Αναπληρώματα,Τυριά αλειφόμενα & Μίνι τυράκια
Τυροκομικά & Φυτικά Αναπληρώματα,Φυτικά Αναπληρώματα
Αυγά Βούτυρο Νωπές Ζύμες & Ζωμοί,Αυγά
Αυγά Βούτυρο Νωπές Ζύμες & Ζωμοί,Βούτυρα
Αυγά Βούτυρο Νωπές Ζύμες & Ζωμοί,Μαργαρίνες
Αυγά Βούτυρο Νωπές Ζύμες & Ζωμοί,Ζύμες νωπές
Αυγά Βούτυρο Νωπές Ζύμες & Ζωμοί,Ζυμαρικά νωπά
Αυγά Βούτυρο Νωπές Ζύμες & Ζωμοί,Ζωμοί ψυγείου
Αλλαντικά,Αλλαντικά Γαλοπούλας & Κοτόπουλου
Αλλαντικά,Ζαμπόν Μπέικον & Ωμοπλάτη
Αλλαντικά,Πάριζα & Μορταδέλα
Αλλαντικά,Σαλάμια
Αλλαντικά,Λουκάνικα
Αλλαντικά,Παραδοσιακά αλλαντικά
Αλλαντικά,Σετ Αλλαντικών & Τυριών
Αλλαντικά,Αναπληρώματα Αλλαντικών
Ορεκτικά & Delicatessen,Ψάρια παστά & σε Λάδι
Ορεκτικά & Delicatessen,Καπνιστά Ψάρια
Ορεκτικά & Delicatessen,Delicatessen θαλασσινών
Ορεκτικά & Delicatessen,Πατέ & Foie gras
Ορεκτικά & Delicatessen,Σαλάτες & Αλοιφές
Ορεκτικά & Delicatessen,Ελιές
Ορεκτικά & Delicatessen,Τουρσιά & Λιαστές ντομάτες
Ορεκτικά & Delicatessen,Χαλβάδες
Έτοιμα Γεύματα,Γεύματα με Κρέας & Πουλερικά
Έτοιμα Γεύματα,Γεύματα με Ψάρια Θαλασσινά & Sushi
Έτοιμα Γεύματα,Γεύματα Οσπρίων & Λαχανικών
Έτοιμα Γεύματα,Λαδερά
Έτοιμα Γεύματα,Γεύματα Ζυμαρικών & Ρυζιού
Έτοιμα Γεύματα,Σούπες
Έτοιμα Γεύματα,Έτοιμες Σαλάτες & Συνοδευτικά γευμάτων
Έτοιμα Γεύματα,Σάντουιτς
Κατεψυγμένα,Κατεψυγμένα Λαχανικά & Φρούτα
Κατεψυγμένα,Κατεψυγμένα Ψάρια & Θαλασσινά
Κατεψυγμένα,Κατεψυγμένα Κρέατα & Πουλερικά
Κατεψυγμένα,Κατεψυγμένα αναπληρώματα Κρέατος
Κατεψυγμένα,Κατεψυγμένα Γεύματα
Κατεψυγμένα,Κατεψυγμένες Ζύμες Πίτες & Πίτσες
Κατεψυγμένα,Παγωτά & Παγάκια
Κάβα,Ποτά
Κάβα,Κρασιά & Σαμπάνιες
Κάβα,Μπίρες & Μηλίτες
Αναψυκτικά Νερά & Χυμοί,Νερά
Αναψυκτικά Νερά & Χυμοί,Αναψυκτικά Σόδες & Ενεργειακά ποτά
Αναψυκτικά Νερά & Χυμοί,Χυμοί
Ξηροί  Καρποί & Σνακ,Ξηροί καρποί & Αποξηραμένα φρούτα
Ξηροί  Καρποί & Σνακ,Πατατάκια Γαριδάκια & άλλα Σνακ
Μπισκότα Σοκολάτες & Ζαχαρώδη,Μπισκότα
Μπισκότα Σοκολάτες & Ζαχαρώδη,Σοκολάτες
Μπισκότα Σοκολάτες & Ζαχαρώδη,Παστέλια Μαντολάτα & Λουκούμια
Μπισκότα Σοκολάτες & Ζαχαρώδη,Τσίχλες Καραμέλες & Γλειφιτζούρια
Είδη πρωινού & Ροφήματα,Γάλατα & Φυτικά ροφήματα Μακράς διαρκείας
Είδη πρωινού & Ροφήματα,Δημητριακά & Μπάρες δημητριακών
Είδη πρωινού & Ροφήματα,Καφέδες Ροφήματα & Αφεψήματα
Είδη πρωινού & Ροφήματα,Μέλια & Μαρμελάδες
Είδη πρωινού & Ροφήματα,Πραλίνες Ταχίνι & Φιστικοβούτυρο
Βρεφικές & Παιδικές τροφές,Βρεφικά & Παιδικά γάλατα
Βρεφικές & Παιδικές τροφές,Βρεφικά & Παιδικά φαγητά
Βρεφικές & Παιδικές τροφές,Βρεφικές & Παιδικές κρέμες
Βρεφικές & Παιδικές τροφές,Βρεφικά & Παιδικά σνακ
Τρόφιμα Παντοπωλείου,Αλεύρι & Σιμιγδάλι
Τρόφιμα Παντοπωλείου,Ζάχαρη & Υποκατάστατα ζάχαρης
Τρόφιμα Παντοπωλείου,Ζυμαρικά
Τρόφιμα Παντοπωλείου,Κέτσαπ Μουστάρδες Μαγιονέζες & Έτοιμες σάλτσες
Τρόφιμα Παντοπωλείου,Κονσέρβες & Κομπόστες
Τρόφιμα Παντοπωλείου,Λάδια & Λίπη
Τρόφιμα Παντοπωλείου,Μπαχαρικά Αλάτια Ξίδια & Ζωμοί
Τρόφιμα Παντοπωλείου,Ρύζια
Τρόφιμα Παντοπωλείου,Όσπρια
Τρόφιμα Παντοπωλείου,Σιτάρι Κινόα Σόγια & άλλα Δημητριακά
Τρόφιμα Παντοπωλείου,Πουρέδες Σούπες & Noodles
Τρόφιμα Παντοπωλείου,Ντοματικά
Τρόφιμα Παντοπωλείου,Υλικά Μαγειρικής & Ζαχαροπλαστικής
Τρόφιμα Παντοπωλείου,Μείγματα για Ζελέ & Γλυκά
Τροφές & Είδη για Κατοικίδια,Τροφές & Είδη για Σκύλους
Τροφές & Είδη για Κατοικίδια,Τροφές & Είδη για Γάτες
Τροφές & Είδη για Κατοικίδια,Τροφές & Είδη Για Πτηνά Ψάρια & άλλα κατοικίδια
Είδη μιας χρήσης & Είδη Πάρτι,Είδη Συντήρησης & Ψησίματος τροφίμων
Είδη μιας χρήσης & Είδη Πάρτι,Σακούλες απορριμμάτων
Είδη μιας χρήσης & Είδη Πάρτι,Καλαμάκια & Οδοντογλυφίδες
Είδη μιας χρήσης & Είδη Πάρτι,Σερβίτσια μιας χρήσης
Είδη μιας χρήσης & Είδη Πάρτι,Είδη Πάρτι
Χαρτικά Πάνες & Σερβιέτες,Χαρτικά
Χαρτικά Πάνες & Σερβιέτες,Σερβιέτες & Πάνες ενηλίκων
Χαρτικά Πάνες & Σερβιέτες,Βρεφικές & Παιδικές πάνες Μωρομάντιλα
Καλλυντικά & Είδη Προσωπικής υγιεινής,Φροντίδα Μαλλιών
Καλλυντικά & Είδη Προσωπικής υγιεινής,Φροντίδα Σώματος
Καλλυντικά & Είδη Προσωπικής υγιεινής,Είδη Ξυρίσματος & After Shave
Καλλυντικά & Είδη Προσωπικής υγιεινής,Στοματική υγιεινή
Καλλυντικά & Είδη Προσωπικής υγιεινής,Υγιεινή & Περιποίηση Προσώπου
Καλλυντικά & Είδη Προσωπικής υγιεινής,Μακιγιάζ & Βερνίκια νυχιών
Καλλυντικά & Είδη Προσωπικής υγιεινής,Βρεφικά & Παιδικά καλλυντικά
Καλλυντικά & Είδη Προσωπικής υγιεινής,Παραφαρμακευτικά Είδη
Καλλυντικά & Είδη Προσωπικής υγιεινής,Αντηλιακά
Απορρυπαντικά & Είδη Καθαρισμού,Απορρυπαντικά ρούχων
Απορρυπαντικά & Είδη Καθαρισμού,Απορρυπαντικά πιάτων
Απορρυπαντικά & Είδη Καθαρισμού,Καθαριστικά γενικής χρήσης
Απορρυπαντικά & Είδη Καθαρισμού,Σύνεργα καθαρισμού
Είδη Οικιακής χρήσης,Είδη Σιδερώματος & Απλώματος
Είδη Οικιακής χρήσης,Φύλαξη & Περιποίηση ρούχων
Είδη Οικιακής χρήσης,Περιποίηση Υποδημάτων
Είδη Οικιακής χρήσης,Αρωματικά χώρου Συλλέκτες υγρασίας & Φίλτρα απορροφητήρα
Είδη Οικιακής χρήσης,Εντομοαπωθητικά & Εντομοκτόνα
Είδη Οικιακής χρήσης,Καύσιμες ύλες
Είδη Οικιακής χρήσης,Είδη Υγραερίου Αναπτήρες & Σπίρτα
Είδη Οικιακής χρήσης,Είδη Θυμιάματος
Είδη Οικιακής χρήσης,Μπαταρίες Λάμπες Ηλεκτρολογικά είδη & Ταινίες
Είδη Οικιακής χρήσης,Τσάντες πολλαπλών χρήσεων & Ισοθερμικές
